Headline,Location,Weather
"UK-China relationship in 'good, strong place', Starmer says after 'productive' talks with Xi",China,"11.57°C, overcast clouds"
"UK-China relationship in 'good, strong place', Starmer says after 'productive' talks with Xi",UK,Weather data not found
What could happen if the US strikes Iran? Here are seven scenarios,Iran,"12.53°C, scattered clouds"
What could happen if the US strikes Iran? Here are seven scenarios,US,Weather data not found
Panic on crowded Ukraine train - passenger describes moment of Russian drone strike,Ukraine,"2.11°C, overcast clouds"
At least five killed after Storm Kristin hits Portugal,Portugal,"15.3°C, moderate rain"
Border agents involved in fatal shooting of Alex Pretti placed on leave,No country/city mentioned,
Watch: How Alex Pretti shooting led Trump to shift course in Minneapolis,Minneapolis,"-19.68°C, clear sky"
Heavy gunfire and blasts heard near airport in Niger's capital,No country/city mentioned,
China executes 11 members of Myanmar scam mafia,Myanmar,"25.35°C, clear sky"
China executes 11 members of Myanmar scam mafia,China,"11.57°C, overcast clouds"
Australian Open semi-finals: Sabalenka a game away from win against Svitolina,Svitolina,Weather data not found
Tesla cuts car models in shift to robots and AI,AI,Weather data not found
"Plane crashes in Colombia, killing all 15 on board",Colombia,"19.73°C, clear sky"
Senegal boss Thiaw banned after Afcon final chaos,No country/city mentioned,
Indians pay tribute after Arijit Singh retires at 38 as Bollywood singer,No country/city mentioned,
More to explore,No country/city mentioned,
Why China views the UK visit as part of something bigger,China,"11.57°C, overcast clouds"
Why China views the UK visit as part of something bigger,UK,Weather data not found
"During heated hearing, Rubio insists US action in Venezuela will lead to prosperity and security",Venezuela,"25.89°C, overcast clouds"
"During heated hearing, Rubio insists US action in Venezuela will lead to prosperity and security",US,Weather data not found
Watch: Moment roof collapses at a rodeo arena due to snow,No country/city mentioned,
Bill Belichick: A Super Bowl god's fall from grace,No country/city mentioned,
"Yes, you can be friends with an ex - but there are rules",No country/city mentioned,
Why have English teams dominated as Real & PSG face play-offs?,No country/city mentioned,
'Why can't women have experience?' New Bridgerton series tackles sex taboo,No country/city mentioned,
Most watched,No country/city mentioned,
Watch: How Alex Pretti shooting led Trump to shift course in Minneapolis,Minneapolis,"-19.68°C, clear sky"
Moment BA plane to London loses wheel after take-off in Vegas,London,"4.93°C, broken clouds"
Moment BA plane to London loses wheel after take-off in Vegas,Vegas,"13.83°C, clear sky"
Watch: Moment roof collapses at a rodeo arena due to snow,No country/city mentioned,
Ecuador says ICE tried to enter its Minneapolis consulate — here's what happened,Ecuador,"20.83°C, moderate rain"
Ecuador says ICE tried to enter its Minneapolis consulate — here's what happened,Minneapolis,"-19.68°C, clear sky"
"'Government, just do your job': Frustration at US airports as shutdown delays continue",US,Weather data not found
Also in news,No country/city mentioned,
Iran's internet is returning - but not for everyone,Iran,"12.53°C, scattered clouds"
Protesters and lawmakers gather outside Texas facility where Minneapolis child is held,Minneapolis,"-19.68°C, clear sky"
Protesters and lawmakers gather outside Texas facility where Minneapolis child is held,Texas,"2.97°C, clear sky"
China sends police to Australia in hunt for man who doused baby with coffee,China,"11.57°C, overcast clouds"
China sends police to Australia in hunt for man who doused baby with coffee,Australia,"38.62°C, broken clouds"
Watch Benfica keeper score stoppage-time goal against Real Madrid,No country/city mentioned,
FBI raids Georgia election office over 2020 voter fraud claims,Georgia,"-2.01°C, clear sky"
Most read,No country/city mentioned,
What could happen if the US strikes Iran? Here are seven scenarios,Iran,"12.53°C, scattered clouds"
What could happen if the US strikes Iran? Here are seven scenarios,US,Weather data not found
China executes 11 members of Myanmar scam mafia,Myanmar,"25.35°C, clear sky"
China executes 11 members of Myanmar scam mafia,China,"11.57°C, overcast clouds"
Border agents involved in fatal shooting of Alex Pretti placed on leave,No country/city mentioned,
Heavy gunfire and blasts heard near airport in Niger's capital,No country/city mentioned,
At least five killed after Storm Kristin hits Portugal,Portugal,"15.3°C, moderate rain"
"Yes, you can be friends with an ex - but there are rules",No country/city mentioned,
China sends police to Australia in hunt for man who doused baby with coffee,China,"11.57°C, overcast clouds"
China sends police to Australia in hunt for man who doused baby with coffee,Australia,"38.62°C, broken clouds"
Nigeria president 'in great shape' after falling at Turkey reception,Turkey,"8.54°C, overcast clouds"
Tesla cuts car models in shift to robots and AI,AI,Weather data not found
US YouTube star IShowSpeed to get Ghanaian passport as Africa tour ends,No country/city mentioned,
Sport,No country/city mentioned,
Australian Open semi-finals: Sabalenka a game away from win against Svitolina,Svitolina,Weather data not found
Why have English teams dominated as Real & PSG face play-offs?,No country/city mentioned,
Serena Williams refuses to rule out comeback,No country/city mentioned,
Rare night of joy for Salah and Slot amid turbulent season,No country/city mentioned,
Senegal boss Thiaw banned after Afcon final chaos,No country/city mentioned,
Champions League reaction: Five English clubs finish in top eight after dramatic night,No country/city mentioned,
A 'miracle' moment - how Mourinho's Benfica stunned Real Madrid,No country/city mentioned,
Sign up to News Briefing,No country/city mentioned,
